{"cameraMode":{"drawMode":0,"name":"Shaded","section":"Shading Mode"},"sceneLighting":true,"audioPlay":false,"sceneViewState":{"m_AlwaysRefresh":false,"showFog":true,"showSkybox":false,"showFlares":true,"showImageEffects":true,"showParticleSystems":true,"showVisualEffectGraphs":true,"m_FxEnabled":true},"in2DMode":false,"pivot":{"x":1.7612977027893067,"y":2.093942165374756,"z":-2.9766833782196047},"rotation":{"x":-0.1566484272480011,"y":0.22049261629581452,"z":-0.035902418196201327,"w":-0.9620614647865295},"size":0.02882825955748558,"orthographic":false}