{"cameraMode":{"drawMode":0,"name":"Shaded","section":"Shading Mode"},"sceneLighting":true,"audioPlay":false,"sceneViewState":{"m_AlwaysRefresh":false,"showFog":true,"showSkybox":false,"showFlares":true,"showImageEffects":true,"showParticleSystems":true,"showVisualEffectGraphs":true,"m_FxEnabled":true},"in2DMode":false,"pivot":{"x":1.7648553848266602,"y":1.9162408113479615,"z":-3.0823469161987306},"rotation":{"x":-0.03799310326576233,"y":0.2255629301071167,"z":-0.008803576231002808,"w":-0.9734483361244202},"size":0.02882825955748558,"orthographic":false}